<?xml version="1.0" encoding="utf-8"?>
<Invoice xmlns:xsi="http://www.w3.org/2001/XMLSchema-instance" xmlns:xsd="http://www.w3.org/2001/XMLSchema" xmlns:cac="urn:oasis:names:specification:ubl:schema:xsd:CommonAggregateComponents-2" xmlns:cbc="urn:oasis:names:specification:ubl:schema:xsd:CommonBasicComponents-2" xmlns:ccts="urn:un:unece:uncefact:documentation:2" xmlns:ds="http://www.w3.org/2000/09/xmldsig#" xmlns:ext="urn:oasis:names:specification:ubl:schema:xsd:CommonExtensionComponents-2" xmlns:qdt="urn:oasis:names:specification:ubl:schema:xsd:QualifiedDatatypes-2" xmlns:udt="urn:un:unece:uncefact:data:specification:UnqualifiedDataTypesSchemaModule:2" xmlns="urn:oasis:names:specification:ubl:schema:xsd:Invoice-2">
    <ext:UBLExtensions>
        <ext:UBLExtension>
            <ext:ExtensionContent>
                <ds:Signature Id="signatureKG">
                    <ds:SignedInfo>
                        <ds:CanonicalizationMethod Algorithm="http://www.w3.org/TR/2001/REC-xml-c14n-20010315"/>
                        <ds:SignatureMethod Algorithm="http://www.w3.org/2000/09/xmldsig#rsa-sha256"/>
                        <ds:Reference URI="">
                            <ds:Transforms>
                                <ds:Transform Algorithm="http://www.w3.org/2000/09/xmldsig#enveloped-signature"/>
                            </ds:Transforms>
                            <ds:DigestMethod Algorithm="http://www.w3.org/2000/09/xmldsig#sha256"/>
                            <ds:DigestValue>xGLScPZbyALB175PYhFHeCwspT2CEo9p3+i/OWK6NzY=</ds:DigestValue>
                        </ds:Reference>
                    </ds:SignedInfo>
                </ds:Signature>
            </ext:ExtensionContent>
        </ext:UBLExtension>
    </ext:UBLExtensions>
    <cbc:UBLVersionID>2.1</cbc:UBLVersionID>
    <cbc:CustomizationID schemeAgencyName="PE:SUNAT">2.0</cbc:CustomizationID>
    <cbc:ProfileID schemeName="Tipo de Operacion" schemeAgencyName="PE:SUNAT" schemeURI="urn:pe:gob:sunat:cpe:see:gem:catalogos:catalogo51">01</cbc:ProfileID>
    <cbc:ID>F001-1</cbc:ID>
    <cbc:IssueDate>2024-10-04</cbc:IssueDate>
    <cbc:IssueTime>13:52:02</cbc:IssueTime>
    <cbc:DueDate>2024-10-11</cbc:DueDate>
    <cbc:InvoiceTypeCode listAgencyName="PE:SUNAT" listName="Tipo de Documento" listURI="urn:pe:gob:sunat:cpe:see:gem:catalogos:catalogo01" listID="0101" name="Tipo de Operacion">01</cbc:InvoiceTypeCode>
    <cbc:DocumentCurrencyCode listID="ISO 4217 Alpha" listName="Currency" listAgencyName="United Nations Economic Commission for Europe">PEN</cbc:DocumentCurrencyCode>
    <cbc:LineCountNumeric>1</cbc:LineCountNumeric>
    <cac:Signature>
        <cbc:ID>F001-1</cbc:ID>
        <cac:SignatoryParty>
            <cac:PartyIdentification>
                <cbc:ID>20000000001</cbc:ID>
            </cac:PartyIdentification>
            <cac:PartyName>
                <cbc:Name>&lt;![CDATA[EMPRESA]]&gt;</cbc:Name>
            </cac:PartyName>
        </cac:SignatoryParty>
        <cac:DigitalSignatureAttachment>
            <cac:ExternalReference>
                <cbc:URI>#SignatureSP</cbc:URI>
            </cac:ExternalReference>
        </cac:DigitalSignatureAttachment>
    </cac:Signature>
    <cac:AccountingSupplierParty>
        <cac:Party>
            <cac:PartyIdentification>
                <cbc:ID schemeID="6" schemeName="Documento de Identidad" schemeAgencyName="PE:SUNAT" schemeURI="urn:pe:gob:sunat:cpe:see:gem:catalogos:catalogo06">20000000001</cbc:ID>
            </cac:PartyIdentification>
            <cac:PartyName>
                <cbc:Name>EMPRESA SAC</cbc:Name>
            </cac:PartyName>
            <cac:PartyTaxScheme>
                <cbc:RegistrationName>EMPRESA SAC</cbc:RegistrationName>
                <cbc:CompanyID schemeID="6" schemeName="SUNAT:Identificador de Documento de Identidad" schemeAgencyName="PE:SUNAT" schemeURI="urn:pe:gob:sunat:cpe:see:gem:catalogos:catalogo06">20000000001</cbc:CompanyID>
                <cac:TaxScheme>
                    <cbc:ID schemeID="6" schemeName="SUNAT:Identificador de Documento de Identidad" schemeAgencyName="PE:SUNAT" schemeURI="urn:pe:gob:sunat:cpe:see:gem:catalogos:catalogo06">20000000001</cbc:ID>
                </cac:TaxScheme>
            </cac:PartyTaxScheme>
            <cac:PartyLegalEntity>
                <cbc:RegistrationName>EMPRESA SAC</cbc:RegistrationName>
                <cac:RegistrationAddress>
                    <cbc:ID schemeName="Ubigeos" schemeAgencyName="PE:INEI">150101</cbc:ID>
                    <cbc:AddressTypeCode listAgencyName="PE:SUNAT" listName="Establecimientos anexos">0000</cbc:AddressTypeCode>
                    <cbc:CityName>LIMA</cbc:CityName>
                    <cbc:CountrySubentity>LIMA</cbc:CountrySubentity>
                    <cbc:District>LIMA</cbc:District>
                    <cac:AddressLine>
                        <cbc:Line>AV LOS GERUNDIOS</cbc:Line>
                    </cac:AddressLine>
                    <cac:Country>
                        <cbc:IdentificationCode listID="ISO 3166-1" listAgencyName="United Nations Economic Commission for Europe" listName="Country">PE</cbc:IdentificationCode>
                    </cac:Country>
                </cac:RegistrationAddress>
            </cac:PartyLegalEntity>
            <cac:Contact>
                <cbc:Name>CDATA[Nombre de Contacto</cbc:Name>
            </cac:Contact>
        </cac:Party>
    </cac:AccountingSupplierParty>
    <cac:AccountingCustomerParty>
        <cbc:CustomerAssignedAccountID>46712369</cbc:CustomerAssignedAccountID>
        <cbc:AdditionalAccountID>1</cbc:AdditionalAccountID>
        <cac:Party>
            <cac:PartyLegalEntity>
                <cbc:RegistrationName>MARIA RAMOS ARTEAGA</cbc:RegistrationName>
            </cac:PartyLegalEntity>
        </cac:Party>
    </cac:AccountingCustomerParty>
    <cac:TaxTotal>
        <cbc:TaxAmount currencyID="PEN">18.00</cbc:TaxAmount>
        <cac:TaxSubtotal>
            <cbc:TaxableAmount currencyID="PEN"/>
            <cbc:TaxAmount currencyID="PEN">18.00</cbc:TaxAmount>
            <cac:TaxCategory>
                <cbc:ID schemeID="UN/ECE 5305" schemeName="Tax Category Identifier" schemeAgencyName="United Nations Economic Commission for Europe">S</cbc:ID>
                <cac:TaxScheme>
                    <cbc:ID schemeID="UN/ECE 5153" schemeAgencyID="6">1000</cbc:ID>
                    <cbc:Name>IGV</cbc:Name>
                    <cbc:TaxTypeCode>VAT</cbc:TaxTypeCode>
                </cac:TaxScheme>
            </cac:TaxCategory>
        </cac:TaxSubtotal>
    </cac:TaxTotal>
    <cac:LegalMonetaryTotal>
        <cbc:PayableAmount currencyID="PEN">118.00</cbc:PayableAmount>
    </cac:LegalMonetaryTotal>
    <cac:InvoiceLine>
        <cbc:ID>1</cbc:ID>
        <cbc:InvoicedQuantity unitCode="NIU">2.00</cbc:InvoicedQuantity>
        <cbc:LineExtensionAmount currencyID="PEN">100.00</cbc:LineExtensionAmount>
        <cac:PricingReference>
            <cac:AlternativeConditionPrice>
                <cbc:PriceAmount currencyID="PEN">59.00</cbc:PriceAmount>
                <cbc:PriceTypeCode>01</cbc:PriceTypeCode>
            </cac:AlternativeConditionPrice>
        </cac:PricingReference>
        <cac:TaxTotal>
            <cbc:TaxAmount currencyID="PEN">18.00</cbc:TaxAmount>
            <cac:TaxSubtotal>
                <cbc:TaxAmount currencyID="PEN">18.00</cbc:TaxAmount>
                <cac:TaxCategory>
                    <cac:TaxScheme>
                        <cbc:ID>1000</cbc:ID>
                        <cbc:Name>IGV</cbc:Name>
                        <cbc:TaxTypeCode>VAT</cbc:TaxTypeCode>
                    </cac:TaxScheme>
                </cac:TaxCategory>
            </cac:TaxSubtotal>
        </cac:TaxTotal>
        <cac:Item>
            <cbc:Description>PRODUCTO 1</cbc:Description>
        </cac:Item>
        <cac:Price>
            <cbc:PriceAmount currencyID="PEN">50.00</cbc:PriceAmount>
        </cac:Price>
    </cac:InvoiceLine>
    <cac:UBLExtensions>
        <cac:UBLExtension>
            <cbc:ExtensionContent>
                <cbc:AdditionalInformation>
                    <cbc:AdditionalMonetaryTotal>
                        <cbc:ID>1000</cbc:ID>
                        <cbc:PayableAmount currencyID="PEN"/>
                    </cbc:AdditionalMonetaryTotal>
                </cbc:AdditionalInformation>
            </cbc:ExtensionContent>
        </cac:UBLExtension>
    </cac:UBLExtensions>
</Invoice>